<?xml version='1.0' encoding='utf-8' ?>
<ExtensionImage xmlns="http://schemas.microsoft.com/windowsazure">
  <ProviderNameSpace>Microsoft.CPlat.Core</ProviderNameSpace>
  <Type>LinuxPatchExtension</Type>
  <Version>1.4.26</Version>
  <Label>Microsoft Azure VM InGuest Patch Extension for Linux Virtual Machines</Label>
  <HostingResources>VmRole</HostingResources>
  <MediaLink></MediaLink>
  <Description>Microsoft Azure VM InGuest Patch Extension for Linux Virtual Machines</Description>
  <IsInternalExtension>true</IsInternalExtension>
  <IsJsonExtension>true</IsJsonExtension>
  <SupportedOS>Linux</SupportedOS>
  <CompanyName>Microsoft</CompanyName>
  <!--%REGIONS%-->
</ExtensionImage>